{
    "animation": [
        {
            "name": "Root",
            "time": [0.0, 0.3333, 0.625, 0.9167, 1.25],
            "transform": [
                [1.0, 0.0, 0.0, -5e-06, 0.0, 0.0, -1.0, 0.000946, 0.0, 1.0, 0.0, 0.738377, 0.0, 0.0, 0.0, 1.0],
                [1.0, 0.0, 0.0, -5e-06, 0.0, 0.0, -1.0, 0.000946, 0.0, 1.0, 0.0, 0.739536, 0.0, 0.0, 0.0, 1.0],
                [1.0, 0.0, 0.0, -5e-06, 0.0, 0.0, -1.0, 0.000946, 0.0, 1.0, 0.0, 0.738377, 0.0, 0.0, 0.0, 1.0],
                [1.0, 0.0, 0.0, -5e-06, 0.0, 0.0, -1.0, 0.000946, 0.0, 1.0, 0.0, 0.739401, 0.0, 0.0, 0.0, 1.0],
                [1.0, 0.0, 0.0, -5e-06, 0.0, 0.0, -1.0, 0.000946, 0.0, 1.0, 0.0, 0.738377, 0.0, 0.0, 0.0, 1.0]
            ]
        },
        {
            "name": "Thigh_R",
            "time": [0.0, 0.3333, 0.625, 0.9167, 1.25],
            "transform": [
                [0.995386, 0.092099, 0.026899, 0.124994, 0.088621, -0.989956, 0.110149, -0.002831, 0.036773, -0.107255, -0.993551, -1.2e-05, 0.0, 0.0, 0.0, 1.0],
                [0.99553, 0.090296, 0.027695, 0.124994, 0.087236, -0.99147, 0.096828, -0.002831, 0.036202, -0.093977, -0.994916, -1.2e-05, 0.0, 0.0, 0.0, 1.0],
                [0.996989, 0.074881, 0.020142, 0.124994, 0.071623, -0.988804, 0.130904, -0.002831, 0.029719, -0.129065, -0.99119, -1.2e-05, 0.0, 0.0, 0.0, 1.0],
                [0.995528, 0.090352, 0.02757, 0.124994, 0.087252, -0.991329, 0.098253, -0.002831, 0.036208, -0.095406, -0.994779, -1.2e-05, 0.0, 0.0, 0.0, 1.0],
                [0.994655, 0.099329, 0.028186, 0.124994, 0.095364, -0.988423, 0.118003, -0.002831, 0.039581, -0.114682, -0.992613, -1.2e-05, 0.0, 0.0, 0.0, 1.0]
            ]
        },
        {
            "name": "Leg_R",
            "time": [0.0, 0.3333, 0.625, 0.9167, 1.25],
            "transform": [
                [1.0, 9.4e-05, 2.4e-05, 0.0, -9.7e-05, 0.962792, 0.270244, 0.37472, 2e-06, -0.270244, 0.962792, 0.0, 0.0, 0.0, 0.0, 1.0],
                [1.0, 9.3e-05, 2.1e-05, 0.0, -9.5e-05, 0.969674, 0.244403, 0.37472, 2e-06, -0.244403, 0.969674, 0.0, 0.0, 0.0, 0.0, 1.0],
                [1.0, 7.3e-05, 2.3e-05, 0.0, -7.7e-05, 0.950079, 0.31201, 0.37472, 1e-06, -0.31201, 0.950079, -0.0, 0.0, 0.0, 0.0, 1.0],
                [1.0, 9.3e-05, 2.2e-05, -0.0, -9.5e-05, 0.968966, 0.247196, 0.37472, 2e-06, -0.247196, 0.968966, 0.0, 0.0, 0.0, 0.0, 1.0],
                [1.0, 0.000102, 2.8e-05, 0.0, -0.000105, 0.958716, 0.284365, 0.37472, 2e-06, -0.284365, 0.958716, 0.0, 0.0, 0.0, 0.0, 1.0]
            ]
        },
        {
            "name": "Knee_R",
            "time": [0.0, 0.3333, 0.625, 0.9167, 1.25],
            "transform": [
                [1.0, 0.0, -0.0, 0.0, -0.0, 1e-06, -1.0, 0.37472, -0.0, 1.0, 1e-06, 0.0, 0.0, 0.0, 0.0, 1.0],
                [1.0, 0.0, -0.0, 0.0, -0.0, 1e-06, -1.0, 0.37472, -0.0, 1.0, 1e-06, 0.0, 0.0, 0.0, 0.0, 1.0],
                [1.0, 0.0, -0.0, 0.0, -0.0, 1e-06, -1.0, 0.37472, -0.0, 1.0, 1e-06, -0.0, 0.0, 0.0, 0.0, 1.0],
                [1.0, 0.0, -0.0, -0.0, -0.0, 1e-06, -1.0, 0.37472, -0.0, 1.0, 1e-06, 0.0, 0.0, 0.0, 0.0, 1.0],
                [1.0, 0.0, -0.0, 0.0, -0.0, 1e-06, -1.0, 0.37472, -0.0, 1.0, 1e-06, -0.0, 0.0, 0.0, 0.0, 1.0]
            ]
        },
        {
            "name": "Thigh_L",
            "time": [0.0, 0.3333, 0.625, 0.9167, 1.25],
            "transform": [
                [0.877928, -0.397318, -0.26717, -0.125006, -0.087212, -0.681378, 0.726716, -0.002831, -0.470782, -0.614703, -0.632854, -1.2e-05, 0.0, 0.0, 0.0, 1.0],
                [0.880173, -0.393932, -0.264789, -0.125006, -0.083785, -0.678045, 0.730228, -0.002831, -0.467199, -0.620541, -0.629805, -1.2e-05, 0.0, 0.0, 0.0, 1.0],
                [0.880826, -0.388214, -0.27099, -0.125006, -0.074713, -0.679195, 0.730145, -0.002831, -0.467507, -0.622883, -0.627259, -1.2e-05, 0.0, 0.0, 0.0, 1.0],
                [0.879977, -0.394272, -0.264932, -0.125006, -0.083788, -0.677826, 0.730432, -0.002831, -0.467567, -0.620564, -0.629508, -1.2e-05, 0.0, 0.0, 0.0, 1.0],
                [0.875021, -0.398987, -0.27413, -0.125006, -0.105924, -0.710372, 0.695809, -0.002831, -0.472353, -0.579809, -0.663855, -1.2e-05, 0.0, 0.0, 0.0, 1.0]
            ]
        },
        {
            "name": "Leg_L",
            "time": [0.0, 0.3333, 0.625, 0.9167, 1.25],
            "transform": [
                [1.0, -9e-06, -0.0001, 0.0, 0.0001, 0.007682, 0.999971, 0.37472, -8e-06, -0.999971, 0.007681, -0.0, 0.0, 0.0, 0.0, 1.0],
                [1.0, -9e-06, -9.7e-05, -0.0, 9.8e-05, 0.015511, 0.99988, 0.37472, -8e-06, -0.99988, 0.01551, 0.0, 0.0, 0.0, 0.0, 1.0],
                [1.0, -8e-06, -8.5e-05, 0.0, 8.5e-05, 0.007703, 0.99997, 0.37472, -7e-06, -0.999971, 0.007702, 0.0, 0.0, 0.0, 0.0, 1.0],
                [1.0, -9e-06, -9.8e-05, 0.0, 9.8e-05, 0.015003, 0.999888, 0.37472, -8e-06, -0.999888, 0.015003, -0.0, 0.0, 0.0, 0.0, 1.0],
                [1.0, -9e-06, -0.000114, -0.0, 0.000114, -0.007237, 0.999974, 0.37472, -9e-06, -0.999974, -0.007238, -0.0, 0.0, 0.0, 0.0, 1.0]
            ]
        },
        {
            "name": "Knee_L",
            "time": [0.0, 0.3333, 0.625, 0.9167, 1.25],
            "transform": [
                [1.0, -0.0, 0.0, 0.0, 1e-06, 0.579218, -0.815173, 0.37472, 0.0, 0.815173, 0.579218, -0.0, 0.0, 0.0, 0.0, 1.0],
                [1.0, -0.0, 0.0, 0.0, 1e-06, 0.575305, -0.817939, 0.37472, 0.0, 0.817939, 0.575305, 0.0, 0.0, 0.0, 0.0, 1.0],
                [1.0, -0.0, 0.0, 0.0, 1e-06, 0.579218, -0.815173, 0.37472, 0.0, 0.815173, 0.579218, 0.0, 0.0, 0.0, 0.0, 1.0],
                [1.0, -0.0, 0.0, 0.0, 1e-06, 0.57576, -0.817619, 0.37472, 0.0, 0.817619, 0.57576, 0.0, 0.0, 0.0, 0.0, 1.0],
                [1.0, -0.0, 0.0, -0.0, 1e-06, 0.579218, -0.815173, 0.37472, 0.0, 0.815173, 0.579218, -0.0, 0.0, 0.0, 0.0, 1.0]
            ]
        },
        {
            "name": "Torso",
            "time": [0.0, 0.3333, 0.625, 0.9167, 1.25],
            "transform": [
                [0.992353, 0.103598, 0.067111, 0.0, -0.084184, 0.965647, -0.245843, 0.05, -0.090275, 0.238314, 0.966983, 0.0, 0.0, 0.0, 0.0, 1.0],
                [0.993329, 0.090228, 0.071806, 0.0, -0.070953, 0.969108, -0.236211, 0.05, -0.090901, 0.229541, 0.969045, 0.0, 0.0, 0.0, 0.0, 1.0],
                [0.992353, 0.103598, 0.067111, 0.0, -0.084184, 0.965647, -0.245843, 0.05, -0.090275, 0.238314, 0.966983, 0.0, 0.0, 0.0, 0.0, 1.0],
                [0.992733, 0.077135, 0.092362, 0.0, -0.053264, 0.969922, -0.237515, 0.05, -0.107905, 0.230869, 0.966983, 0.0, 0.0, 0.0, 0.0, 1.0],
                [0.992353, 0.103598, 0.067111, 0.0, -0.084184, 0.965647, -0.245843, 0.05, -0.090275, 0.238314, 0.966983, 0.0, 0.0, 0.0, 0.0, 1.0]
            ]
        },
        {
            "name": "Chest",
            "time": [0.0, 0.3333, 0.625, 0.9167, 1.25],
            "transform": [
                [0.967487, -0.070108, 0.243009, -0.0, -0.0, 0.960814, 0.277193, 0.3, -0.25292, -0.268181, 0.929576, -0.0, 0.0, 0.0, 0.0, 1.0],
                [0.967659, -0.070242, 0.242285, -0.0, -0.000329, 0.960099, 0.279661, 0.3, -0.252261, -0.270696, 0.929025, 0.0, 0.0, 0.0, 0.0, 1.0],
                [0.967487, -0.070108, 0.243009, -0.0, -0.0, 0.960814, 0.277193, 0.3, -0.25292, -0.268181, 0.929576, -0.0, 0.0, 0.0, 0.0, 1.0],
                [0.971362, -0.057487, 0.230547, 0.0, -0.003498, 0.966725, 0.255794, 0.3, -0.237581, -0.249275, 0.938838, 0.0, 0.0, 0.0, 0.0, 1.0],
                [0.967487, -0.070108, 0.243009, -0.0, -0.0, 0.960814, 0.277193, 0.3, -0.25292, -0.268181, 0.929576, -0.0, 0.0, 0.0, 0.0, 1.0]
            ]
        },
        {
            "name": "Head",
            "time": [0.0, 0.3333, 0.625, 0.9167, 1.25],